Orden;NumProcesos;Tiempo(s);Rendimiento(GOP/s)
500;2;0,029291;8,535
500;4;0,029582;8,451
500;8;0,038704;6,459
500;16;0,071779;3,483
1000;2;0,156774;12,757
1000;4;0,091217;21,926
1000;8;0,094902;21,074
1000;16;0,100709;19,859
1500;2;0,522794;12,911
1500;4;0,285931;23,607
1500;8;0,246704;27,361
1500;16;0,252802;26,701
500;2;0,356963;0,700
500;4;0,029387;8,507
500;8;0,038598;6,477
500;16;0,066038;3,786
1000;2;0,169688;11,786
1000;4;0,114198;17,514
1000;8;0,089953;22,234
1000;16;0,096796;20,662
1500;2;0,521444;12,945
1500;4;0,262583;25,706
1500;8;0,249914;27,009
1500;16;0,261162;25,846
500;2;0,029633;8,436
500;4;0,033123;7,548
500;8;0,044501;5,618
500;16;0,073152;3,418
1000;2;0,187731;10,654
1000;4;0,110247;18,141
1000;8;0,098973;20,208
1000;16;0,140885;14,196
1500;2;0,588216;11,475
1500;4;0,342061;19,733
1500;8;0,239278;28,210
1500;16;0,767018;8,800
500;2;0,035215;7,099
500;4;0,029986;8,337
500;8;0,041473;6,028
500;16;0,076309;3,276
1000;2;0,190644;10,491
1000;4;0,123301;16,220
1000;8;0,099450;20,111
1000;16;0,106095;18,851
1500;2;0,504241;13,386
1500;4;0,280033;24,104
1500;8;0,257252;26,239
1500;16;0,257294;26,235
500;2;0,028487;8,776
500;4;0,030084;8,310
500;8;0,038560;6,483
500;16;0,064750;3,861
1000;2;0,157057;12,734
1000;4;0,090201;22,173
1000;8;0,094680;21,124
1000;16;0,100805;19,840
1500;2;0,508868;13,265
1500;4;0,304007;22,203
1500;8;0,235482;28,665
1500;16;0,239038;28,238
500;2;0,026951;9,276
500;4;0,027730;9,016
500;8;0,037354;6,693
500;16;0,067550;3,701
1000;2;0,163500;12,232
1000;4;0,090529;22,092
1000;8;0,090583;22,079
1000;16;0,104275;19,180
1500;2;0,519770;12,987
1500;4;0,282891;23,861
1500;8;0,246246;27,412
1500;16;0,232557;29,025
500;2;0,031028;8,057
500;4;0,030950;8,077
500;8;0,039695;6,298
500;16;0,063920;3,911
1000;2;0,167085;11,970
1000;4;0,095309;20,984
1000;8;0,098227;20,361
1000;16;0,099233;20,155
1500;2;0,512977;13,158
1500;4;0,318378;21,201
1500;8;0,263756;25,592
1500;16;0,235169;28,703
500;2;0,030827;8,110
500;4;0,034714;7,202
500;8;0,036866;6,781
500;16;0,068112;3,670
1000;2;0,161191;12,408
1000;4;0,103885;19,252
1000;8;0,093342;21,427
1000;16;0,107929;18,531
1500;2;0,554316;12,177
1500;4;0,321492;20,996
1500;8;0,241093;27,998
1500;16;0,274985;24,547
500;2;0,035954;6,953
500;4;0,031634;7,903
500;8;0,038342;6,520
500;16;0,069914;3,576
1000;2;0,149906;13,342
1000;4;0,128948;15,510
1000;8;0,096518;20,722
1000;16;0,114014;17,542
1500;2;0,531822;12,692
1500;4;0,377817;17,866
1500;8;0,243246;27,750
1500;16;0,243609;27,708
500;2;0,032792;7,624
500;4;0,036215;6,903
500;8;0,055920;4,471
500;16;0,088419;2,827
1000;2;0,184065;10,866
1000;4;0,123541;16,189
1000;8;0,127340;15,706
1000;16;0,136017;14,704
1500;2;0,537551;12,557
1500;4;0,305309;22,109
1500;8;0,283564;23,804
1500;16;0,292592;23,070
